,title,brand,descript,url,time
0,A Guide to the Very Best Seiko Watches,Gear Patrol,Seiko offers some of the best value in watches. We break down each of its modern product lines to help you understand what's available.8 months ago,https://www.gearpatrol.com/watches/a555424/seiko-watch/,8 months ago
1,"The Best Watches to Buy as Gifts, From $200 to $50000",Bloomberg,"Hi there, I'm Chris Rovzar, the editor of Bloomberg Pursuits, and in this edition of the Watch Club newsletter, I'm going to talk about gifts.4 months ago",https://www.bloomberg.com/news/newsletters/2023-12-07/the-best-watches-to-buy-as-gifts-from-200-to-50-000,4 months ago
2,21 Best Gifts for Watch Lovers 2024,Esquire,"Display cases, winders, cleaners, and so much more. Inside, shop the 21 best gifts to get a watch lover, from brands including Celine, Wolf, G-Shock,...4 months ago",https://www.esquire.com/style/mens-fashion/g46131616/gifts-for-watch-lovers/,4 months ago
3,Gift Guide: It's Time To Treat Yourself,Hodinkee,Rounding up eight of our favorite watches to give you permission to self-gift freely.1 month ago,https://www.hodinkee.com/articles/gift-guide-its-time-to-treat-yourself,1 month ago
4,23 Best Watch Gifts 2023: Affordable Tickers for Every Guy on Your List,GQ,"If you've been scouring the web in search of the best watch gifts, congratulations: you've found them. What makes a watch the perfect gift?4 months ago",https://www.gq.com/gallery/best-watch-gifts,4 months ago
5,Haruhi Suzumiya Partners With Seiko to Release Limited-Edition Anniversary Watch,Comic Book Resources,"The Melancholy of Haruhi Suzumiya celebrates its 20th anniversary with a surprise gift for fans. In collaboration with the hit manga/anime franchise, Seiko...1 week ago",https://www.cbr.com/haruhi-suzumiya-seiko-anniversary-watch-release/,1 week ago
6,Father’s Day gift ideas: 7 best watches to thank your dad for his time,Lifestyle Asia Hong Kong,Looking for gift ideas this Father's Day? Check out the best watch for father to gift from top watches brands in Singapore.10 months ago,https://www.lifestyleasia.com/sg/shop/electronics-appliances/best-quality-watch-for-father/,10 months ago
7,Our 2023 Luxury Watch Gift Guide,Sharp Magazine,Our 2023 luxury watch gift guide has arrived! Our editors pick the watches they'd most love to get or gift this holiday season.4 months ago,https://sharpmagazine.com/2023/12/08/luxury-watch-gift-guide/,4 months ago
8,"Seiko ""invites"" lovers to a Valentine's Day cocktail party - Tapas",Tapas Magazine,La relojera japonesa lanza de cara al próximo 14 de febrero dos relojes cuya esfera se inspira en otros tantos cócteles del famoso Star Bar de Tokio.2 months ago,https://www.tapasmagazine.es/en/seiko-invites-lovers-to-a-valentines-day-cocktail-party/,2 months ago
9,The Best Time to Buy a Watch Is Now: Black Friday Deals Worth Shopping,GearJunkie,Deep holiday discounts across the web make nice but attainable watches downright affordable. We've rounded up some of the best.4 months ago,https://gearjunkie.com/deals/black-friday-watch-sales,4 months ago
10,Valentines Day gifts: Surprise your partner with luxury watches for men | Mint,mint,Make Valentine's Day special for your male partner by gifting them the best luxury watch for their collection. Check out the list of watches from top brands...2 months ago,https://www.livemint.com/technology/gadgets/valentines-day-gifts-surprise-your-partner-with-luxury-watches-for-men-11706862409209.html,2 months ago
11,A Massive Seiko Watch Exhibition Has Landed in Sydney,Man of Many,Prepare to embark on a captivating journey through the annals of time as Seiko Australia unveils its most ambitious timepiece exhibition yet.1 month ago,https://manofmany.com/fashion/watches/seiko-birth-rebirth-exhibition-sydney,1 month ago
12,The best diver's watches (even if you don't dive),Financial Times,What is a diving watch? It is a question that presents itself every May as summer looms. Even those of us who get scared when we can no longer see the sea...11 months ago,https://www.ft.com/content/1e4cd548-4b06-4f3b-9e0a-048c9bad1e56,11 months ago
13,Father's Day 2023: Fitness Enthusiast Or Style Icon? Best Luxury Watches To Gift Your Dad On Father's Day 2023 ...,The Economic Times,"This Father's Day, treat your superhero with a gift of luxury.From premium offerings to fitness tracking watches, these timepieces will be the ultimate gift...10 months ago",https://m.economictimes.com/magazines/panache/fitness-enthusiast-or-style-icon-best-luxury-watches-to-gift-your-dad-on-fathers-day-2023/fathers-day-gifting-guide/slideshow/100963071.cms,10 months ago
14,14 best Seiko watches to kickstart your collection,British GQ,"Seiko watches have long been the choice for those after ultimate value. The brand, founded in 1881, has all the hallmarks of the most prestigious Swiss...4 months ago",https://www.gq-magazine.co.uk/article/best-seiko-watches,4 months ago
15,"The Best Affordable Watch Brands Under $500, Tested by Style Editors",Men's Health,"The ten best affordable watch brands offer stylish, approachable, and - most importantly - reliable time keeping within the $100 to $500 range.5 months ago",https://www.menshealth.com/style/g45597279/best-affordable-watch-brands/,5 months ago
16,Gift Guide: Ten Watches To Commemorate The Year Of The Dragon,Hodinkee,"As Lunar New Year celebrations continue, we're rounding up our favorite pieces to ring in the Year of the Wood Dragon with proper fanfare.2 months ago",https://www.hodinkee.com/articles/ten-watches-to-commemorate-the-year-of-the-dragon,2 months ago
17,Seiko's Watch-Inspired Alarm Clocks Make a Great Father's Day Gift — And They're on Sale,Gear Patrol,"Seiko Mai Bedroom Alarm Clock ... Don't let Amazon's listings fool you — the MSRP of these alarm clocks is actually $45. So the discounts are small but welcome,...10 months ago",https://www.gearpatrol.com/deals/a44106899/seiko-mai-alarm-clock-deal/,10 months ago
18,15 Best Seiko Watches 2023: GQ's Ultimate Buying Guide to the Cult-Loved Japanese Timepieces,GQ,Looking for a corner-office timepiece on a cubicle budget? The best Seiko watches are where you should start. These are our favorites on the market right...7 months ago,https://www.gq.com/gallery/seiko-watches,7 months ago
19,The Hodinkee Cyber Monday Gift Guide,Hodinkee,"Some of our best deals of the year are about to drop, so we've put together our favorite watches and gifts across our digital storefront to help you narrow...4 months ago",https://www.hodinkee.com/articles/your-guide-to-black-friday-in-the-hodinkee-shop,4 months ago
20,32 Best Gifts from the Google Holiday 100 List - Buy Side from WSJ,WSJ,"Find the best gifts based on top trending Google searches in 2023, including home items like Herman Miller chairs, electronics like the Apple Watch Series 9...5 months ago",https://www.wsj.com/buyside/gifts/best-gifts-google-holiday-100-01669239277,5 months ago
21,"The 30 Best Affordable Watches Under $1,000",Gear Patrol,"Finding a great affordable watch can be tough, which is why we went through the trouble to round up the best affordable watches under $1000.2 months ago",https://www.gearpatrol.com/watches/best-affordable-watches-under-1000/,2 months ago
22,Top 10 luxury watches for men and women under ₹50000: Check out the premium picks | Mint,mint,"Watches complement any casual or formal look and when they are from a luxury brand, they perfectly balance the subtleness and elegance in your appearance...3 months ago",https://www.livemint.com/technology/gadgets/top-10-luxury-watches-for-men-and-women-under-rs-50000-check-out-the-premium-picks-11703743615121.html,3 months ago
23,21 Best Watches Under $400,Road & Track,Watches and cars have gone hand in hand since the days of Mario Andretti and Jo Siffert—hence their status as great gifts for car lovers.11 months ago,https://www.roadandtrack.com/gear/lifestyle/g43625288/best-watches-under-400/,11 months ago
24,Timekeepers: From workmanship to the history,The New Indian Express,TNIE speaks to some watch fanatics of Kerala.8 months ago,https://www.newindianexpress.com/cities/kochi/2023/Jul/25/timekeepers-from-workmanship-to-the-history-2598148.html,8 months ago
25,28 best cheap watches 2023: Seiko to Casio and Tissot,British GQ,"Don't be fooled into thinking a cheap watch can't be a great watch. From a Seiko 5 to the Tissot Seastar 1000, these are the best affordable watches that GQ...1 month ago",https://www.gq-magazine.co.uk/gallery/best-cheap-watches,1 month ago
26,Srpe55 Seiko Flash Sales,Atlanta Progressive News,srpe55 seiko. srpe55 seiko. Seiko 5 SRPE55 40mm Fixed Bezel Review - Watch Clicker. SRPE55 Seiko Watch Corporation. Seiko SRPE55 Simple elegant and...1 day ago,https://www.atlantaprogressivenews.com/%3Fa%3Datl262c6539322-srpe55-seiko,1 day ago
27,"21 Best Amazon Watches for Men 2023: Stellar Tickers from Seiko, Tissot & More",GQ,"The house that Bezos built boasts a surprisingly on-point ticker selection. These are the very best amazon watches for men, each more affordable than the...4 months ago",https://www.gq.com/story/amazon-watches-for-men,4 months ago
28,Srpd57 Seiko Sale,Atlanta Progressive News,srpd57 seiko. srpd57 seiko. SRPD57 Seiko Watch Corporation. Seiko 5 Diver s Style Automatic Steel Watch SRPD57K1 SRPD57. SRPD57 Seiko Watch Corporation.1 day ago,https://www.atlantaprogressivenews.com/%3Fa%3Datl262c6539595-srpd57-seiko,1 day ago
29,Seiko Couple Watch Original Cheap Sale | atlantaprogressivenews.com,Atlanta Progressive News,"Seiko Couple Watch Original Cheap Sale, 50% Discount, atlantaprogressivenews.com.1 day ago",https://atlantaprogressivenews.com/category/news-article/%3Fa%3Datl262c6977205-seiko-couple-watch-original,1 day ago
30,Best Timex Watches For Men in India December 2023,Jagran English,"Best Timex Watches For Men: In the age of smartwatches, it is still a luxury to have an analog or a chronograph watch. Some of the best watches for men are...4 months ago",https://english.jagran.com/top-deals/fashion/accessories/best-timex-watches-for-men-in-india-10120394,4 months ago
31,Seiko Spb167j Hot Sale | atlantaprogressivenews.com,Atlanta Progressive News,seiko spb167j. seiko spb167j. SPB167J Presage. SPB167J1 Seiko Watch Corporation. SPB167J1 Seiko Watch Corporation. Seiko Presage Sharp Edge 39.3mm - SPB167J...1 day ago,https://atlantaprogressivenews.com/category/city-of-atlanta/%3Fa%3Datl262c6536419-seiko-spb167j,1 day ago
32,Why Are Watch Nerds All Wearing Snoopy Watches Right Now?,Gear Patrol,"Watches with cartoon characters on their dials aren't what they might first appear to be. Though they may seem made for kids or theme park gift shops,...1 month ago",https://www.gearpatrol.com/watches/snoopy-watches/,1 month ago
33,‘Lab Report: Seiko 5 Sports teams up with PEANUTS to celebrate 55th anniversary,Lifestyle Asia Hong Kong,The Japanese watch brand and the comic strip by Charles Schulz are releasing create two limited-edition watches. Seiko 5 Sports is celebrating its 55th...10 months ago,https://www.lifestyleasia.com/hk/style/watches/seiko-5-sports-peanuts-55th-anniversary/,10 months ago
34,Snkk35 Shop,Atlanta Progressive News,snkk35. snkk35. Seiko 5 SNKK35 SNKK35J1 SNKK35J el. SNKK35 An understated everyday piece r Seiko. Review Seiko 5 SNKK35 Automatic Wristwatch.20 hours ago,https://www.atlantaprogressivenews.com/interspire/all-blog-posts.html%3Fa%3Datl262c6824569-snkk35,20 hours ago
35,Seiko Srpd65k Sale Online,Atlanta Progressive News,seiko srpd65k. seiko srpd65k. SRPD65K1 SEIKO SRPD65K1. Seiko 5 - Sports Black SRPD65K FiveFortyFive. Unboxing Seiko 5 Sports Gunmetal Stainless Steel...1 day ago,https://www.atlantaprogressivenews.com/%3Fa%3Datl262c6539493-seiko-srpd65k,1 day ago
36,16 best watches for men: A guide to top watch brands for a Valentine's Day gift,HELLO!,"Shopping for a mens watch for your boyfriend, husband, dad or brother? These are the best men's watches brands from affordable Casio and fitness tracking...11 months ago",https://www.hellomagazine.com/fashion/20220518140184/best-watches-for-men-to-shop-now/,11 months ago
37,"15 Best Watches for Women of 2024 - Gold, Silver & Apple Watch",Oprah Daily,"From everyday styles to luxury timepieces and smartwatches, here are our picks for best women's watches from brands like Casio, Michael Kors, Apple,...5 months ago",https://www.oprahdaily.com/style/g30521522/best-watches-for-women/,5 months ago
38,'King of Dials': Seiko's Australasian Exclusive Celebrates Whisky and Watches,Man of Many,"Seiko's latest Cocktail Time model is a ltd edition that reimagines the Irori Moments cocktail, a drink by Lark, an award-winning Australian whisky...6 months ago",https://manofmany.com/fashion/watches/seiko-presage-cocktail-time-srpk50j,6 months ago
39,Seiko Snxs79j Hotsell,Atlanta Progressive News,seiko snxs79j. seiko snxs79j. Seiko 5 Automatic Japan Made SNXS79 SNXS79J1 SNXS79J Men s Watch. Seiko SNXS79J - Kosoval Saat. Seiko 5 Automatic Japan Made...1 day ago,https://www.atlantaprogressivenews.com/%3Fa%3Datl262c6539370-seiko-snxs79j,1 day ago
40,Square Quartz Watch Online,Atlanta Progressive News,"Square Quartz Watch Online, 52% Discount, www.atlantaprogressivenews.com.1 day ago",https://www.atlantaprogressivenews.com/interspire/all-blog-posts.html%3Fa%3Datl262c6683508-square-quartz-watch,1 day ago
41,Seiko Snk371k1 Deals,Atlanta Progressive News,seiko snk371k1. seiko snk371k1. SNK371K1 SEIKO 5. SNK371K1 - seiko iran. 5 REF.SNK371K1. SNK371K1 SEIKO 5. SNK371K1 chrono. Seiko 5 Sports Yellow Dial Men s...1 day ago,https://www.atlantaprogressivenews.com/%3Fa%3Datl262c6539468-seiko-snk371k1,1 day ago
42,Seiko 206 on Sale | atlantaprogressivenews.com,Atlanta Progressive News,seiko 206. seiko 206. Seiko SGF206 Best AFFORDABLE Alternative to The Rolex Day Date. Seiko-206 Automatic Non Working Watch Movement For Parts Repair.9 hours ago,https://atlantaprogressivenews.com/category/city-of-atlanta/%3Fa%3Datl262c6545612-seiko-206,9 hours ago
43,The best watches under $500 of 2024,Popular Science,We researched the best watches under $500 across a variety of brands and categories so you can find the perfect watch for you on a budget!7 months ago,https://www.popsci.com/reviews/best-watches-under-500/,7 months ago
44,Seiko Spb213j1 Flash Sales,Atlanta Progressive News,seiko spb213j1. seiko spb213j1. SPB213J1 Seiko Watch Corporation. Seiko Prospex Diver 62MAS Interpretation SPB213J1 Hands-On Price.16 hours ago,https://www.atlantaprogressivenews.com/%3Fa%3Datl262c6535447-seiko-spb213j1,16 hours ago
45,The Best Watches Under $500 of 2024,Men's Journal,Quality timepieces don't have to cost a fortune. The best men's watches under $500 will make affordable additions to anybody's collection.2 months ago,https://www.mensjournal.com/style/mens-watches-under-500,2 months ago
46,Seiko Cal 4t57 Store | atlantaprogressivenews.com,Atlanta Progressive News,seiko cal 4t57. seiko cal 4t57. SEIKO BRAND NEW Watch Analog Stainless Steel Cal 4T57 Chronograph. Seiko Chronograph 4T57-0B00 Quartz 100m Men s Stainless...1 day ago,https://atlantaprogressivenews.com/category/news-article/%3Fa%3Datl262c6539535-seiko-cal-4t57,1 day ago
47,$70K worth of jewelry stolen from family at Boston airport recovered by police: 'It was a miracle',New York Post,"Raka and Vineet Agrawa saw their precious family jewels, worth up to $70000, recovered after police caught the alleged thief who made off with them at...8 months ago",https://nypost.com/2023/08/03/cops-recover-70k-worth-of-jewelry-stolen-from-family-at-boston-airport/,8 months ago
48,Luxury watches for men,Times of India,"Luxury watches are the epitome of classy accessories for men. These beautiful watches from premium brands come in top-quality options that are classic,...1 month ago",https://timesofindia.indiatimes.com/most-searched-products/fashion/accessories/luxury-watches-for-men/articleshow/99248142.cms,1 month ago
49,10 Luxury Watches Online for Women,Times of India,Women's luxury watches are curated to help you find the best luxury watch brands in India.1 month ago,https://timesofindia.indiatimes.com/most-searched-products/fashion/accessories/10-luxury-watches-online-for-women/articleshow/99910136.cms,1 month ago
